<?xml version="1.0" encoding="UTF-8" ?>
<!DOCTYPE mapper PUBLIC "-//mybatis.org//DTD Mapper 3.0//EN" "http://mybatis.org/dtd/mybatis-3-mapper.dtd">
<mapper namespace="kr.koreait.vo.MvcBoardVO">
<!--메인글 1건을 저장-->
<insert id="insert" parameterType="kr.koreait.vo.MvcBoardVO">
insert into mvcboard (idx,name,subject,content,ref,lev,seq)
values(mvcboard_idx_seq.nextval,#{name},#{subject},#{content},mvcboard_idx_seq.currval,0,0)
</insert>

<!--테이블에 저장된 전체 글의 개수를 얻어 온다-->
<select id="selectCount" resultType="int">
select count(*) from mvcboard
</select>

<!--한 페이지 분량의 글을 얻어 온다-->
<select id="selectList" parameterType="java.util.HashMap" resultType="kr.koreait.vo.MvcBoardVO">
<![CDATA[
select * from (
  select rownum rnum, TT.* from(
     select * from mvcboard order by ref desc, seq asc
     )TT where rownum <= #{endNo}
)where rnum >= #{startNo}
]]>
</select>

<!--조회수를 증가시킨다-->
<update id="increment" parameterType="int">
update mvcboard set hit = hit + 1 where idx = #{idx}
</update>

<!--글 한건을 얻어 온다-->
<select id="selectByIdx" parameterType="int" resultType="kr.koreait.vo.MvcBoardVO">
select * from mvcboard where idx = #{idx}
</select>

<!--글 한 건을 수정한다-->
<update id="update" parameterType="kr.koreait.vo.MvcBoardVO">
update mvcboard set subject = #{subject}, content = #{content} where idx = #{idx}
</update>

<!--글 한 건을 삭제한다-->
<delete id="delete" parameterType="int">
delete from mvcboard where idx = #{idx}
</delete>

<!--답글의 위치를 확보하기 위해 조건에 만족하는 seq를 1씩 증가시킨다-->
<update id="seqIncrement" parameterType="java.util.HashMap">
update mvcboard set seq = seq + 1 where ref = #{ref} and seq >= #{seq}
</update>

<!--답글 한 건을 저장한다-->
<insert id="replyInsert" parameterType="kr.koreait.vo.MvcBoardVO">
insert into mvcboard(idx, name, subject, content, ref, lev, seq) values (mvcboard_idx_seq.nextval, #{name}, #{subject}, #{content}, #{ref}, #{lev}, #{seq})
</insert>

</mapper>