<?xml version="1.0" encoding="UTF-8" ?>
<!DOCTYPE mapper PUBLIC "-//mybatis.org//DTD Mapper 3.0//EN" "http://mybatis.org/dtd/mybatis-3-mapper.dtd">
<mapper namespace="kr.koreait.vo.FreeboardVO">
<!--메인 글 한 건을 저장한다-->
<insert id="insert" parameterType="kr.koreait.vo.FreeboardVO">
insert into freeboard (idx, name, password, subject, content, ip, notice) values (freeboard_idx_seq.nextval, #{name}, #{password}, #{subject}, #{content}, #{ip}, #{notice})
</insert>

<!--메인 글 전체 개수를 얻어 온다-->
<select id="selectCount" resultType="int">
select count(*) from freeboard
</select>

<!--한 페이지 분량의 글을 얻어 온다-->
<select id="selectList" parameterType="java.util.HashMap" resultType="kr.koreait.vo.FreeboardVO">
<![CDATA[
		select * from (
			select rownum rnum, GG.* from (
				select * from freeboard order by idx desc
			) GG where rownum <= #{endNo}
		) where rnum >= #{startNo}
]]>
</select>

<!--조회수를 증가시킨다-->
<update id="increment"  parameterType="int">
update freeboard set hit = hit + 1 where idx = #{idx}
</update>

<!--메인글 한 건을 얻어 온다-->
<select id="selectByIdx" parameterType="int" resultType="kr.koreait.vo.FreeboardVO">
select * from freeboard where idx = #{idx}
</select>

<!--메인 글 한 건을 수정한다-->
<update id="update" parameterType="kr.koreait.vo.FreeboardVO">
update freeboard set subject = #{subject}, content = #{content}, notice = #{notice} where idx = #{idx}
</update>

<!--메인 글 한건을 삭제한다-->
<delete id="delete" parameterType="int">
delete from freeboard where idx = #{idx}
</delete>

</mapper>