<?xml version="1.0" encoding="UTF-8" ?>
<!DOCTYPE mapper PUBLIC "-//mybatis.org//DTD Mapper 3.0//EN" "http://mybatis.org/dtd/mybatis-3-mapper.dtd">
<mapper namespace="kr.koreait.vo.FreeboardCommentVO">
<!--메인 댓글의 개수를 얻어 온다  -->
<select id="commentCount" parameterType="int" resultType="int">
select count(*) from freeboardcomment where ref = #{idx}
</select>

<!--메인 글의 댓글 목록을 얻어 온다 -->
<select id="selectCommentList" parameterType="int" resultType="kr.koreait.vo.FreeboardCommentVO">
select * from freeboardcomment where ref = #{idx} order by idx desc
</select>

<!--수정 또는 삭제할 댓글 한 건을 얻어 온다-->
<select id="selectCommentByIdx" parameterType="int" resultType="kr.koreait.vo.FreeboardCommentVO">
select * from freeboardcomment where idx = #{idx}
</select>

<!--댓글 한 건을 저장한다  -->
<insert id="insertComment" parameterType="kr.koreait.vo.FreeboardCommentVO">
insert into freeboardcomment (idx, ref, name, password, content, ip) values (freeboardcomment_idx_seq.nextval, #{ref}, #{name}, #{password}, #{content}, #{ip})
</insert>

<!--댓글 한 건을 삭제한다 -->
<delete id="deleteComment" parameterType="int">
delete from freeboardcomment where idx = #{idx}
</delete>

<!--댓글 한 건을 수정한다-->
<update id="updateComment" parameterType="kr.koreait.vo.FreeboardCommentVO">
update freeboardcomment set content = #{content} where idx = #{idx}
</update>

</mapper>