<?xml version="1.0" encoding="UTF-8" ?>
<!DOCTYPE mapper PUBLIC "-//mybatis.org//DTD Mapper 3.0//EN" "http://mybatis.org/dtd/mybatis-3-mapper.dtd">
<mapper namespace="kr.koreait.vo.CategoryVO">
<!--메인 카테고리를 저장한다-->
<insert id="insert" parameterType="kr.koreait.vo.CategoryVO">
<!-- nextval => 시퀀스 값을 1증가 시킨다 currval => 현재 시퀀스 값을 의미한다-->
insert into category(idx,category,ref,lev,seq) 
values (category_idx_seq.nextval,#{category},category_idx_seq.currval,0,0)
</insert>

<!--태이블의 모든 카테고리 목록을 글 그룹(ref)의 내림차순으로 같은 그룹에서는 글의 순서(seq)의 오름차순으로 얻어 온다 -->
<select id="selectList" resultType="kr.koreait.vo.CategoryVO">
select * from category order by ref desc, seq asc
</select>

<!--같은 카테고리 그룹에서 카테고리 출력순서를 조정하기 위해 seq를 수정 -->
<update id="increment" parameterType="java.util.HashMap">
<!-- ref, seq는 category 테이블의 필드이고 #{ref}, #{seq}는 HashMap 객체에 저장되서 넘어온 값이다. -->
<!-- 새로 삽입되는 서브 카테고리는 부모 카테고리 바로 아래에 삽입되고 나머지는 출력순서가 1씩 밀린다-->
<![CDATA[
update category set seq=seq+1 where ref = #{ref} and seq >= #{seq}
]]>
</update>

<!--서브 카테고리 1건을 저장한다-->
<insert id="reply" parameterType="kr.koreait.vo.CategoryVO">
insert into category(idx,category,ref,lev,seq)
values (category_idx_seq.nextval,#{category},#{ref},#{lev},#{seq})
</insert>

<!--카테고리 한 건을 얻어 온다-->
<select id="selectByIdx" parameterType="int" resultType="kr.koreait.vo.CategoryVO">
select * from category where idx = #{idx}
</select>

<!--카테고리 1건을 수정한다-->
<update id="update" parameterType="kr.koreait.vo.CategoryVO">
update category set category = #{category} where idx = #{idx}
</update>

<!--카테고리 한 건을 삭제한다-->
<delete id="delete" parameterType="int">
delete from category where idx = #{idx}
</delete>

<!--category 필드를 "삭제된 카테고리 입니다"로 수정한다 -->
<update id="deleteCategory" parameterType="int">
update category set category = '삭제된 카테고리 입니다' where idx = #{idx}
</update>

<!--deleteCheck 필드를 "yes"로 수정한다-->
<update id="deleteCheck" parameterType="int">
update category set deleteCheck = 'yes' where idx = #{idx}
</update>

<!--삭제할 카테고리와 삭제할 카테고리의 모든 서브 카테고리 목록을 얻어 온다 -->
<select id="deleteList" parameterType="kr.koreait.vo.CategoryVO" resultType="kr.koreait.vo.CategoryVO">
<![CDATA[
select * from category where ref = #{ref} and lev > #{lev} and seq > #{seq} or idx = #{idx} order by ref desc, seq asc
]]>
</select>

<!--삭제한 카테고리 그룹에 해당되는 카테고리 목록을 얻어 온다-->
<select id="selectRef" parameterType="int" resultType="kr.koreait.vo.CategoryVO">
select * from category where ref = #{ref} order by seq asc
</select>

<!--삭제된 카테고리 그룹의 seq를 다시 붙여 준다-->
<update id="updateSeq" parameterType="java.util.HashMap">
update category set seq = #{seq} where idx = #{idx}
</update>

<!--deleteCheck 필드를 "no"로 수정한다-->
<update id="deleteRestore" parameterType="int">
update category set deleteCheck = 'no' where idx = #{idx}
</update>

<!--deleteReport 필드를 1증가 시킨다 -->
<update id="deleteReport" parameterType="int">
update category set deleteReport = deleteReport+1 where idx = #{idx}
</update>

</mapper>